uid,iid,location,has_interacted_before,timestamp,user_age,item_average_rating,click,purchase
qbdcpblvlt,58866,San Francisco,0,1586992816,19,3.8743718592964824,0,1
atgapomeop,29207,Copenhagen,0,1587045716,39,4.417085427135678,1,1
pmgfvettto,21504,Los Angeles,0,1587003510,40,3.07035175879397,1,0
lebsdtjdvx,33679,San Francisco,1,1586976933,33,1.6432160804020102,1,1
veuvxtfefp,94304,San Francisco,1,1587054833,30,4.63819095477387,0,0
gtudkoidxg,47054,San Francisco,1,1586990931,39,4.517587939698492,1,0
atgapomeop,35596,San Francisco,1,1587045280,39,1.6231155778894473,0,0
tchmbejnlg,86010,San Francisco,1,1586989351,25,1.1407035175879396,0,0
uchanotpan,55745,Los Angeles,1,1587004627,33,3.492462311557789,0,1
xtfkzupgam,34872,San Francisco,0,1587027410,44,4.316582914572864,0,1
tipqpcdbmm,29207,Copenhagen,1,1586976099,41,4.49748743718593,0,0
tipqpcdbmm,39748,Los Angeles,0,1586991208,29,4.678391959798995,1,0
blbedllbpx,96329,Los Angeles,1,1587048519,31,4.296482412060302,0,1
bghvtgascf,44802,Los Angeles,0,1587034427,38,1.020100502512563,1,0
mjxapsccgl,3011,Los Angeles,1,1586979520,33,2.3266331658291457,0,0
hpsstpfzpv,63173,Los Angeles,1,1586978382,42,4.49748743718593,0,1
tipqpcdbmm,43597,San Francisco,1,1587028799,24,3.2311557788944723,0,1
toxtjeldsk,6760,Los Angeles,0,1587010900,44,4.075376884422111,1,1
tngttxcmtz,4196,San Francisco,0,1587053454,28,3.4321608040201004,1,1
uojncvttql,34872,San Francisco,0,1586998698,29,2.6884422110552766,0,0
oepmhvzubf,34872,Copenhagen,1,1586983786,25,4.738693467336684,1,0
gjnhmntznf,6760,Copenhagen,1,1586993569,20,1.6231155778894473,0,1
lvgnvtthxl,75418,Berkeley,0,1587042296,39,3.8341708542713566,0,0
ejknasvbtb,38986,Berkeley,1,1586983999,31,2.6884422110552766,0,1
jpaqxepmhd,7095,Copenhagen,0,1586982669,38,2.92964824120603,1,1
dceghhhstv,20332,San Francisco,0,1587037592,42,3.391959798994975,1,1
jaosokfcdj,91386,Berkeley,0,1587022172,37,3.592964824120603,0,0
jgueqfmkdk,83273,San Francisco,1,1587031798,26,1.763819095477387,1,1
asesoatsha,96766,Berkeley,0,1586973579,25,4.49748743718593,1,1
thddknxaql,7095,Copenhagen,1,1587005183,20,4.557788944723618,1,1
sgsmdqgtpj,3916,Copenhagen,0,1587045539,27,4.236180904522613,1,0
loqsetlmcd,3011,Copenhagen,1,1587044128,18,2.708542713567839,0,1
pltimkueeg,20332,Berkeley,0,1587028978,40,1.1407035175879396,0,1
xpzegxjhce,17234,Berkeley,0,1586981729,19,4.417085427135678,0,0
xtgknnszco,96766,Copenhagen,1,1587004787,29,1.8241206030150754,0,0
uojncvttql,47054,Los Angeles,1,1586992160,40,2.949748743718593,1,1
qbdcpblvlt,39748,Los Angeles,1,1586990085,31,4.738693467336684,1,1
jaosokfcdj,59060,Copenhagen,0,1587047820,38,1.7236180904522613,1,0
mkckhmsfmm,7367,Berkeley,0,1586999569,23,1.964824120603015,0,0
uojncvttql,94304,Copenhagen,0,1587008575,32,3.2311557788944723,0,0
jaosokfcdj,17234,Berkeley,1,1587027295,23,4.658291457286432,0,1
xtfkzupgam,30763,Berkeley,1,1587048120,25,1.7437185929648242,1,0
jpaqxepmhd,23661,San Francisco,0,1587027216,27,2.1055276381909547,1,1
oepmhvzubf,60233,Copenhagen,1,1586998607,35,2.1457286432160805,0,0
oehgtxbklu,29376,Copenhagen,0,1587033916,34,4.839195979899498,1,0
ozfqotbgpx,44802,San Francisco,0,1586995230,39,2.628140703517588,0,1
ldvcnjilzc,3938,Berkeley,1,1587026775,27,3.391959798994975,1,0
tudptxctoa,30763,Copenhagen,1,1587024683,20,4.8793969849246235,0,1
tipqpcdbmm,47054,Copenhagen,0,1586998895,36,4.758793969849246,0,0
lfpgfvuhtj,21642,Berkeley,1,1587021554,21,4.618090452261306,0,0
oehgtxbklu,3011,Los Angeles,1,1587055873,29,1.864321608040201,1,0
gduincfcet,59060,Berkeley,1,1587009502,31,2.507537688442211,1,1
pcmpmajcti,33679,Berkeley,1,1586980103,31,2.3266331658291457,0,0
ladbxduoqt,6760,Los Angeles,0,1586990785,22,1.5829145728643215,1,0
blbedllbpx,58866,Berkeley,1,1586985665,37,1.8442211055276383,1,0
ukobobtvbq,33679,Copenhagen,1,1587052563,32,4.819095477386934,1,0
gtudkoidxg,59060,Berkeley,0,1586989073,19,1.6231155778894473,0,0
ojdlqqakpo,45743,San Francisco,1,1586980783,19,1.763819095477387,0,0
pmgfvettto,20332,Berkeley,1,1586976079,30,1.3015075376884422,1,1
kkvcnxeizl,21504,Los Angeles,0,1587049981,27,3.693467336683417,1,0
qbdcpblvlt,6760,San Francisco,0,1586988724,38,4.135678391959799,1,0
blbedllbpx,3011,Los Angeles,1,1587058514,30,1.984924623115578,1,1
usdlltsstb,55745,Berkeley,1,1586980645,24,4.698492462311558,1,1
kkvcnxeizl,21642,Copenhagen,1,1587002475,39,4.437185929648241,1,0
xfzqipazik,38986,Los Angeles,1,1586988739,42,3.8341708542713566,0,0
jpaqxepmhd,3938,Copenhagen,1,1587012341,24,1.0804020100502512,0,1
atgapomeop,3938,Berkeley,1,1586985710,19,4.477386934673367,1,1
ksjgaxtkfe,35596,Berkeley,1,1586984381,22,2.1256281407035176,0,0
lzhqtleiph,63173,Copenhagen,1,1586998585,25,2.7688442211055277,0,0
bnoqzmgmth,60233,San Francisco,0,1586984858,29,1.6432160804020102,1,1
bhofaptbim,49968,San Francisco,0,1586984973,18,4.597989949748744,1,1
tudptxctoa,83273,San Francisco,1,1586998768,43,3.592964824120603,0,0
xtfkzupgam,3011,Los Angeles,0,1587043169,43,3.9748743718592965,0,0
gtqggztxmk,21328,San Francisco,1,1586998422,29,4.296482412060302,0,0
hscovklunf,83273,Copenhagen,0,1587009801,43,1.3417085427135678,0,1
tngttxcmtz,17234,San Francisco,0,1587047949,30,1.5628140703517588,1,1
thddknxaql,20332,Berkeley,0,1587050335,20,4.477386934673367,0,0
kxtgndzszk,45743,Berkeley,1,1586995780,31,3.090452261306533,1,1
mkckhmsfmm,29426,San Francisco,0,1586980830,22,2.507537688442211,0,0
akzzcbhsvt,51228,Berkeley,1,1587045236,33,2.266331658291457,0,1
cuniuaidkm,30763,Copenhagen,0,1587021256,42,4.819095477386934,0,0
uchanotpan,36796,Los Angeles,0,1587013324,42,4.316582914572864,0,0
atgapomeop,96329,Berkeley,0,1587027865,37,2.728643216080402,0,1
tchmbejnlg,96329,Copenhagen,1,1587026366,28,3.693467336683417,1,1
dceghhhstv,7881,Berkeley,1,1587051036,42,3.693467336683417,1,1
xtgknnszco,86010,Berkeley,1,1587025412,24,2.1859296482412063,0,1
pmgfvettto,83273,Copenhagen,1,1586995661,43,1.100502512562814,1,1
blbedllbpx,29207,San Francisco,0,1586990653,34,2.7688442211055277,0,0
oajahqeaxb,39748,Los Angeles,0,1587025751,27,2.407035175879397,1,1
thddknxaql,49042,San Francisco,0,1586996072,40,1.9246231155778895,0,1
toxtjeldsk,58866,San Francisco,1,1587028369,32,4.437185929648241,0,0
htadjxfkhp,3916,Copenhagen,1,1587046579,18,3.271356783919598,1,0
ztjszlttme,33679,Berkeley,0,1587021893,29,4.256281407035176,0,1
xpzegxjhce,47054,Berkeley,0,1587053043,23,3.5326633165829144,0,0
snxflsdvae,55745,San Francisco,1,1587051146,22,3.5728643216080402,1,1
hpsstpfzpv,44802,Berkeley,1,1587054889,36,3.190954773869347,0,1
hscovklunf,86010,Copenhagen,1,1587006825,41,3.251256281407035,0,1
snxflsdvae,29376,San Francisco,1,1587015127,19,4.798994974874372,0,0
oopepkmgvv,6760,Berkeley,1,1587011856,28,1.1809045226130652,0,1
ldvcnjilzc,7095,San Francisco,0,1587006770,43,3.5326633165829144,0,1
tipqpcdbmm,33473,Copenhagen,1,1586997215,27,4.959798994974875,0,1
bnoqzmgmth,96766,Berkeley,1,1587050009,20,2.266331658291457,1,1
ntnnekokoj,38986,Copenhagen,0,1586984473,41,3.592964824120603,1,0
kxtgndzszk,49042,Copenhagen,1,1586993613,33,1.1608040201005025,0,1
lzhqtleiph,3916,Copenhagen,1,1587033490,44,3.8341708542713566,1,0
xshjhvfqca,21328,Berkeley,0,1586982381,31,1.221105527638191,0,0
toxtjeldsk,49968,Berkeley,1,1587019689,30,3.7939698492462313,0,1
xshjhvfqca,47054,Los Angeles,1,1587036382,19,4.115577889447236,0,1
ajfiudkzmq,94304,Copenhagen,0,1587051471,26,4.35678391959799,0,1
lebsdtjdvx,94304,Copenhagen,0,1587006661,31,4.959798994974875,1,1
ojldqmvnum,96766,Los Angeles,1,1587038118,33,2.4874371859296485,1,1
zsbtbtutts,29207,San Francisco,0,1587035524,33,4.075376884422111,1,1
tioxzectdu,49042,San Francisco,1,1586978970,44,1.0804020100502512,1,0
oepmhvzubf,60233,Los Angeles,1,1587002333,34,1.2814070351758793,1,0
pmgfvettto,33473,Berkeley,1,1586981188,31,1.221105527638191,1,1
qazjzteezo,35596,Copenhagen,1,1587029455,20,3.7336683417085426,1,0
kdtvzatfjo,34872,San Francisco,1,1586986917,21,3.291457286432161,0,1
toxtjeldsk,33679,Berkeley,1,1587019490,35,3.050251256281407,1,0
tipqpcdbmm,30763,Berkeley,0,1586983290,29,1.8040201005025125,0,0
blbedllbpx,49042,Berkeley,0,1586981237,30,1.5829145728643215,0,0
atgapomeop,3938,Los Angeles,0,1587008295,43,4.597989949748744,0,0
thddknxaql,75418,Los Angeles,0,1587042011,33,2.366834170854271,0,1
cdxxcofjmk,34872,Copenhagen,1,1587017184,33,1.864321608040201,0,1
kltkhskjzo,3916,Los Angeles,0,1587030892,28,4.698492462311558,1,0
ejknasvbtb,44802,Berkeley,1,1587002114,38,2.849246231155779,0,0
oehgtxbklu,35596,Los Angeles,0,1586982383,28,2.648241206030151,1,1
ladbxduoqt,17234,Copenhagen,1,1586998553,20,3.1105527638190953,0,0
ozfqotbgpx,97818,Los Angeles,1,1587020627,23,3.090452261306533,1,0
ldazngtbzx,96329,San Francisco,1,1587030926,30,4.959798994974875,1,1
ojqqnqpmso,21642,Berkeley,0,1587025990,40,3.1105527638190953,0,0
tipqpcdbmm,58866,Berkeley,1,1586977630,30,2.708542713567839,0,1
tioxzectdu,96192,San Francisco,0,1587030441,28,1.4824120603015074,0,1
ksjgaxtkfe,13714,Berkeley,1,1586986086,38,1.1407035175879396,1,0
jaosokfcdj,3938,San Francisco,1,1586989765,40,2.949748743718593,0,1
oepmhvzubf,86010,Copenhagen,1,1587052245,33,5.0,0,1
tipqpcdbmm,33679,San Francisco,1,1587059215,20,4.9798994974874375,0,1
tipqpcdbmm,33679,Copenhagen,0,1586990453,34,4.798994974874372,0,0
ozfqotbgpx,3916,Copenhagen,0,1587032333,22,4.175879396984925,1,1
bghvtgascf,58866,Berkeley,1,1587008349,22,1.4824120603015074,0,0
atgapomeop,35596,San Francisco,0,1586998524,31,2.4271356783919598,1,0
ntnnekokoj,51228,San Francisco,1,1586991642,39,3.190954773869347,1,0
xpzegxjhce,91386,San Francisco,0,1587046532,44,1.9246231155778895,0,1
hvngpsitkt,29207,Los Angeles,0,1587038219,40,3.150753768844221,1,1
thddknxaql,35596,Berkeley,1,1587013528,26,1.0804020100502512,0,0
xtgknnszco,49968,San Francisco,0,1587040014,34,3.512562814070352,0,1
gjnhmntznf,1933,Los Angeles,1,1587014479,42,2.949748743718593,0,0
tioxzectdu,33473,Berkeley,0,1587048480,21,1.1809045226130652,1,1
gjnhmntznf,39748,Copenhagen,0,1587059107,30,4.075376884422111,0,0
hubccfjcxa,7881,Copenhagen,1,1587014075,19,1.4824120603015074,0,1
usdlltsstb,4196,Los Angeles,1,1586981451,28,2.0050251256281406,0,1
akzzcbhsvt,97818,San Francisco,1,1586984851,18,4.959798994974875,1,0
dceghhhstv,83273,Los Angeles,0,1587006369,40,4.477386934673367,0,1
gtqggztxmk,60233,San Francisco,0,1587000417,31,4.819095477386934,0,1
blbedllbpx,91386,Berkeley,1,1586976096,42,4.316582914572864,1,0
tngttxcmtz,7367,San Francisco,1,1587011529,41,1.5628140703517588,1,1
ldazngtbzx,63173,Los Angeles,1,1587048538,39,2.628140703517588,0,0
uchanotpan,86010,Berkeley,0,1587014508,22,2.467336683417085,1,1
gtqggztxmk,44802,Los Angeles,0,1587024359,25,3.7537688442211055,0,0
tipqpcdbmm,21504,San Francisco,0,1587025146,39,3.050251256281407,1,1
ojldqmvnum,3938,San Francisco,1,1587032451,26,1.0603015075376885,1,1
xpzegxjhce,49968,Berkeley,0,1587036683,42,2.748743718592965,0,0
hscovklunf,29207,San Francisco,0,1587000131,24,3.291457286432161,1,1
oehgtxbklu,59060,Berkeley,0,1587013650,35,2.809045226130653,1,1
onslstancn,51228,Berkeley,0,1587051975,44,3.291457286432161,0,1
qazjzteezo,23661,Copenhagen,0,1587042567,23,3.9547738693467336,0,1
onslstancn,44802,Los Angeles,1,1587048831,19,3.693467336683417,1,1
oepmhvzubf,91386,Copenhagen,1,1587054513,37,4.21608040201005,1,0
sgsmdqgtpj,21642,San Francisco,1,1587057038,38,4.0954773869346734,1,0
tngttxcmtz,63173,Copenhagen,1,1587038160,20,4.336683417085427,1,1
qcticnapgc,44802,Los Angeles,0,1587012096,19,1.7839195979899498,0,0
hzzzgfsnze,47054,Copenhagen,1,1587050475,43,4.155778894472362,0,0
pmgfvettto,83273,San Francisco,0,1586991406,34,3.9145728643216082,1,1
ikotmeggsq,29426,San Francisco,1,1586989174,26,3.492462311557789,0,1
tudptxctoa,91386,Copenhagen,0,1587033223,39,2.165829145728643,1,1
gjnhmntznf,97818,Berkeley,1,1586991245,19,4.919597989949748,0,1
bghvtgascf,63173,San Francisco,0,1587027765,18,1.0804020100502512,1,1
cuoixlqvuj,60233,San Francisco,0,1587005745,43,1.4623115577889447,1,0
ojldqmvnum,29426,San Francisco,1,1586974301,31,2.3266331658291457,0,0
fshsntgbqh,13714,Copenhagen,1,1586993360,44,4.698492462311558,1,1
tudptxctoa,4196,Copenhagen,0,1587043189,18,1.864321608040201,0,1
toxtjeldsk,21328,Berkeley,0,1586996847,40,4.85929648241206,1,1
ojdlqqakpo,49042,Copenhagen,0,1587004381,32,2.2261306532663316,1,0
loqsetlmcd,23634,Los Angeles,0,1587013601,36,3.592964824120603,1,1
gjnhmntznf,47054,Los Angeles,0,1587021020,26,1.964824120603015,1,1
zsbtbtutts,30763,Berkeley,0,1587056712,22,1.4020100502512562,0,0
onslstancn,59060,Los Angeles,1,1586998298,22,4.577889447236181,1,0
gphnectljo,7095,San Francisco,1,1586975482,30,3.271356783919598,1,1
tqvktjkoxh,21642,Berkeley,0,1587033241,40,4.276381909547739,0,1
hlghntlgil,6760,San Francisco,0,1587031578,32,4.115577889447236,1,0
axxagpiqkh,4196,San Francisco,1,1586986094,30,1.4824120603015074,0,1
liccqedjam,3011,Copenhagen,1,1586998733,20,3.472361809045226,0,1
pcmpmajcti,21642,San Francisco,0,1587008415,35,4.21608040201005,0,1
axxagpiqkh,23661,San Francisco,0,1587017893,30,4.63819095477387,1,1
ojqqnqpmso,21642,Berkeley,1,1587011682,32,4.597989949748744,0,1
lvgnvtthxl,29426,San Francisco,0,1587042826,31,4.959798994974875,0,0
xzsnvosmzl,21504,Copenhagen,1,1587048187,26,2.4874371859296485,1,1
lfpgfvuhtj,83273,Copenhagen,1,1587015499,23,3.7537688442211055,1,1
zsbtbtutts,96766,Berkeley,1,1587015814,42,1.8442211055276383,1,0
ciqbijisdh,29207,Los Angeles,0,1586981192,30,1.8844221105527639,1,1
oehgtxbklu,96329,Berkeley,0,1586995270,30,4.8793969849246235,0,1
ztjszlttme,58866,Los Angeles,0,1587043433,41,4.417085427135678,1,1
hlghntlgil,47054,Los Angeles,1,1587021061,31,4.155778894472362,0,0
thddknxaql,7095,Berkeley,0,1586984938,33,2.849246231155779,0,0
thddknxaql,21504,Berkeley,1,1587003891,26,3.71356783919598,1,1
jbbkffdihp,47054,Berkeley,1,1587056319,40,2.608040201005025,1,1
xpzegxjhce,94304,San Francisco,0,1586998030,28,1.2412060301507537,1,0
ldazngtbzx,47054,Copenhagen,0,1586979150,19,1.1407035175879396,0,1
pltimkueeg,49968,Berkeley,1,1587029500,26,1.9447236180904524,1,1
bnoqzmgmth,29426,Copenhagen,0,1587014969,31,1.5025125628140703,0,0
tipqpcdbmm,36796,Copenhagen,0,1587047726,25,4.316582914572864,0,0
gjnhmntznf,59060,Los Angeles,1,1587041480,39,2.748743718592965,1,1
kltkhskjzo,47054,Los Angeles,0,1586999389,27,4.919597989949748,0,1
bhofaptbim,38986,Berkeley,1,1587029640,24,2.2261306532663316,1,1
vjtaufvgzq,21328,San Francisco,1,1587052392,24,1.7437185929648242,0,0
kdtvzatfjo,39748,Copenhagen,0,1587057354,32,1.120603015075377,0,1
asesoatsha,91386,Berkeley,1,1587039886,41,1.8040201005025125,1,1
pltimkueeg,6760,Los Angeles,0,1586978049,19,2.4472361809045227,0,0
ldazngtbzx,49042,Los Angeles,1,1587001072,40,1.8241206030150754,1,0
tngttxcmtz,55745,Los Angeles,0,1586981838,38,1.020100502512563,1,1
oopepkmgvv,33473,Los Angeles,0,1587038199,28,4.738693467336684,1,0
fshsntgbqh,45743,Copenhagen,0,1587047641,33,1.7437185929648242,0,1
atgapomeop,23661,Berkeley,1,1587015448,34,2.829145728643216,1,0
hubccfjcxa,30763,Berkeley,0,1587036013,29,1.1407035175879396,0,0
kltkhskjzo,83273,Berkeley,1,1587009010,43,3.150753768844221,0,1
xtfkzupgam,23661,Copenhagen,0,1586994222,40,2.6884422110552766,1,1
kltkhskjzo,21642,Copenhagen,0,1586978523,37,2.628140703517588,0,1
uhljjdtnut,58866,Copenhagen,1,1587018379,34,1.100502512562814,0,0
oepmhvzubf,30763,Berkeley,1,1587028899,18,3.9748743718592965,1,1
xzsnvosmzl,39748,Los Angeles,0,1586984430,20,1.2010050251256281,1,0
ukobobtvbq,91386,Copenhagen,1,1586977087,30,3.150753768844221,1,0
lebsdtjdvx,36796,Copenhagen,0,1587058455,43,1.763819095477387,0,1
uojncvttql,44802,Los Angeles,0,1587053300,26,2.849246231155779,1,1
axxagpiqkh,33473,Berkeley,1,1587025127,29,3.4522613065326633,0,0
hubccfjcxa,23661,Los Angeles,1,1586996394,28,4.175879396984925,1,1
dceghhhstv,36796,Los Angeles,0,1587056436,21,2.467336683417085,0,1
tioxzectdu,67884,Los Angeles,0,1586993471,34,1.0,1,1
liccqedjam,13714,Copenhagen,0,1587013027,21,3.4321608040201004,0,1
hpsstpfzpv,63173,Berkeley,0,1587023447,41,1.6633165829145728,1,1
kxtgndzszk,44802,Copenhagen,0,1587000429,34,4.396984924623116,1,1
oepmhvzubf,21504,San Francisco,1,1587013684,23,2.4472361809045227,0,0
ztjszlttme,47054,Los Angeles,0,1587052809,34,1.7236180904522613,1,1
hzzzgfsnze,29207,San Francisco,0,1587039564,34,1.9045226130653266,0,0
gtudkoidxg,49042,Berkeley,1,1587044376,28,2.085427135678392,0,0
ciqbijisdh,51228,San Francisco,0,1587045385,23,5.0,0,0
kltkhskjzo,33473,Berkeley,1,1587025508,39,3.8743718592964824,0,0
ladbxduoqt,3011,San Francisco,0,1586987763,43,1.9246231155778895,0,1
jpaqxepmhd,29426,Berkeley,1,1586974816,23,2.809045226130653,1,1
gtudkoidxg,45743,Berkeley,1,1587031728,19,4.698492462311558,1,1
cuoixlqvuj,3938,Copenhagen,1,1587027071,44,4.296482412060302,1,1
kdtvzatfjo,96192,Copenhagen,1,1586983797,34,2.0452261306532664,0,1
hpsstpfzpv,29207,San Francisco,0,1587005078,35,2.4271356783919598,0,1
thddknxaql,29376,Berkeley,1,1587007186,20,4.85929648241206,0,0
hubccfjcxa,4196,Copenhagen,1,1587004221,39,1.0804020100502512,1,1
nkhkjoccqe,59060,San Francisco,1,1587024479,43,3.271356783919598,1,0
kxtgndzszk,6760,Berkeley,0,1587019502,23,4.778894472361809,0,1
tqvktjkoxh,49968,Copenhagen,0,1587040197,40,1.0,1,0
satdtjljzl,3011,Los Angeles,1,1586994775,19,3.150753768844221,0,1
bghvtgascf,21328,Los Angeles,0,1586979729,35,4.21608040201005,1,0
uchanotpan,44802,Berkeley,0,1587015519,33,1.5025125628140703,1,1
hvngpsitkt,29207,Berkeley,1,1586982899,33,1.4623115577889447,0,1
veuvxtfefp,21328,San Francisco,0,1587044875,35,3.090452261306533,1,0
uojncvttql,29207,Copenhagen,0,1586987130,34,2.748743718592965,0,1
ntnnekokoj,21504,San Francisco,0,1586995692,18,1.100502512562814,0,1
ciqbijisdh,51228,Berkeley,1,1587023682,39,2.2462311557788945,0,0
oopepkmgvv,4196,Copenhagen,1,1586981196,25,1.1809045226130652,0,0
cuoixlqvuj,83273,San Francisco,1,1587015080,43,2.7889447236180906,0,1
gphnectljo,29426,Copenhagen,0,1587048319,30,1.9045226130653266,0,1
qcticnapgc,35596,Los Angeles,0,1586978066,34,4.778894472361809,1,0
blbedllbpx,35596,Berkeley,1,1586977878,36,2.1859296482412063,0,1
onslstancn,91386,Berkeley,0,1586985368,32,4.577889447236181,1,0
ksjgaxtkfe,59060,San Francisco,1,1587016981,36,1.7437185929648242,1,1
oehgtxbklu,21504,San Francisco,0,1587009502,40,3.150753768844221,1,0
sjnxatjbls,3011,Los Angeles,0,1587010289,39,4.376884422110553,1,0
xfzqipazik,45743,Los Angeles,0,1587039649,44,1.5829145728643215,0,1
onslstancn,43597,San Francisco,1,1587050537,39,3.190954773869347,0,0
ldazngtbzx,45743,Copenhagen,0,1587021985,44,1.6633165829145728,1,0
jbbkffdihp,47054,Los Angeles,0,1586994726,28,3.693467336683417,0,0
bghvtgascf,91386,San Francisco,0,1587036049,32,4.819095477386934,1,0
mkckhmsfmm,43597,Copenhagen,1,1586992979,44,1.5628140703517588,0,1
liccqedjam,6760,Copenhagen,1,1586983094,42,1.3417085427135678,0,0
kdtvzatfjo,91386,San Francisco,0,1586975759,19,4.296482412060302,0,1
qcticnapgc,30763,Copenhagen,0,1587027552,37,4.63819095477387,1,0
ldvcnjilzc,45743,San Francisco,0,1587033538,20,3.512562814070352,1,1
xtgknnszco,49042,Copenhagen,1,1587026392,28,4.798994974874372,0,1
tioxzectdu,21504,Berkeley,0,1586974171,42,3.0100502512562812,0,0
sthvztepmi,58866,Copenhagen,0,1587001087,21,4.477386934673367,1,1
qcticnapgc,13714,Copenhagen,1,1586985254,24,4.738693467336684,1,0
xzsnvosmzl,30763,Copenhagen,0,1587002546,35,2.849246231155779,1,1
jgueqfmkdk,7095,Berkeley,1,1587017464,41,1.5025125628140703,1,0
kxtgndzszk,20332,San Francisco,0,1587053838,44,4.798994974874372,1,0
uhljjdtnut,51228,Copenhagen,0,1586990184,22,2.7688442211055277,0,1
ejknasvbtb,59060,Copenhagen,1,1587020892,27,3.814070351758794,0,1
blbedllbpx,29376,Copenhagen,0,1587026922,32,1.6834170854271355,1,1
atgapomeop,55745,Copenhagen,0,1586986445,27,4.939698492462312,0,1
akzzcbhsvt,6760,San Francisco,1,1587030802,25,3.1105527638190953,1,1
toxtjeldsk,60233,Copenhagen,1,1587031055,19,3.4522613065326633,1,0
mjxapsccgl,7095,Los Angeles,0,1587024594,22,2.1457286432160805,0,0
lfpgfvuhtj,29426,Copenhagen,1,1587024336,33,1.0603015075376885,1,0
bhofaptbim,29426,Copenhagen,1,1587001951,23,2.0050251256281406,1,0
ukobobtvbq,21504,Berkeley,1,1587003478,22,1.9447236180904524,1,0
snxflsdvae,7881,San Francisco,1,1586984598,25,1.8040201005025125,0,1
uchanotpan,47054,San Francisco,1,1587045977,36,3.512562814070352,0,1
tngttxcmtz,60233,Berkeley,0,1586986480,42,4.015075376884422,0,1
snxflsdvae,34872,Los Angeles,0,1587033019,33,4.658291457286432,0,0
toxtjeldsk,7367,San Francisco,1,1587021884,44,1.4623115577889447,0,1
ldvcnjilzc,6760,Copenhagen,1,1586985935,19,1.6432160804020102,1,1
toxtjeldsk,4196,Berkeley,1,1587007436,38,2.6884422110552766,0,0
lzhqtleiph,60233,San Francisco,0,1586978680,34,1.4221105527638191,0,1
ukobobtvbq,7367,San Francisco,1,1587037314,33,2.869346733668342,1,0
axxagpiqkh,94304,Los Angeles,1,1587000781,40,2.2261306532663316,1,0
ksjgaxtkfe,29207,Berkeley,1,1587002488,22,4.437185929648241,0,1
onslstancn,94304,Los Angeles,1,1587054890,18,1.4221105527638191,0,0
hzzzgfsnze,36796,Los Angeles,0,1586999607,25,3.6331658291457285,1,1
hpsstpfzpv,83273,Los Angeles,0,1587025949,27,4.276381909547739,1,0
qcticnapgc,97818,Berkeley,0,1587052522,40,4.778894472361809,0,1
ojdlqqakpo,34872,Copenhagen,0,1587032557,35,2.708542713567839,0,0
tchmbejnlg,43597,San Francisco,1,1587048888,36,1.4824120603015074,1,1
ajfiudkzmq,21642,Copenhagen,1,1586987895,26,2.909547738693467,0,1
onslstancn,55745,Berkeley,0,1586980175,34,1.221105527638191,1,1
ukobobtvbq,3938,Berkeley,0,1587057906,32,3.8341708542713566,1,1
jaosokfcdj,33473,Los Angeles,1,1587016195,38,4.63819095477387,1,0
ztjszlttme,86010,Berkeley,0,1587009278,27,4.85929648241206,0,0
gtqggztxmk,21328,Los Angeles,1,1587033889,29,1.8040201005025125,0,1
hlghntlgil,29426,Copenhagen,1,1587024610,41,1.3819095477386933,1,1
cuoixlqvuj,6760,San Francisco,1,1586989371,28,1.3015075376884422,0,1
ciqbijisdh,49968,San Francisco,1,1587039429,33,3.351758793969849,1,1
kdtvzatfjo,60233,Berkeley,0,1587039871,37,1.120603015075377,0,1
onslstancn,63173,San Francisco,0,1587011556,43,4.175879396984925,1,0
kxtgndzszk,38986,San Francisco,1,1587005240,34,1.7437185929648242,1,0
liccqedjam,33473,Copenhagen,0,1587037476,37,4.63819095477387,0,0
tipqpcdbmm,21642,Los Angeles,1,1587034363,30,1.120603015075377,0,1
xtgknnszco,30763,Los Angeles,1,1586973343,42,4.778894472361809,1,1
ntnnekokoj,29376,Copenhagen,1,1586982988,28,4.115577889447236,1,0
hzzzgfsnze,36796,San Francisco,1,1587032495,40,2.2060301507537687,0,1
ladbxduoqt,17234,Los Angeles,1,1587005601,43,4.678391959798995,0,1
loqsetlmcd,3916,Berkeley,0,1587008369,38,3.8944723618090453,1,1
xshjhvfqca,23661,Berkeley,0,1586978089,33,1.542713567839196,0,1
pmgfvettto,23661,Los Angeles,0,1587004872,34,1.9045226130653266,0,1
kkvcnxeizl,30763,Berkeley,1,1586999406,43,1.8442211055276383,1,1
htadjxfkhp,67884,Berkeley,1,1587019307,29,2.085427135678392,0,1
thddknxaql,21642,Los Angeles,0,1587019584,24,2.306532663316583,0,0
hlghntlgil,7881,San Francisco,1,1587024852,23,1.542713567839196,0,0
qbdcpblvlt,45743,Copenhagen,0,1586991697,26,4.939698492462312,1,1
xzsnvosmzl,33679,Copenhagen,0,1587044935,31,4.075376884422111,1,0
kkvcnxeizl,58866,Copenhagen,0,1586980374,18,4.015075376884422,1,0
fmblutsbii,17234,Berkeley,0,1587037357,34,1.5226130653266332,1,1
mjxapsccgl,97818,Berkeley,1,1587004931,28,1.8241206030150754,1,1
satdtjljzl,3916,Los Angeles,1,1587055585,23,2.909547738693467,1,1
onslstancn,1933,Los Angeles,1,1586983070,36,2.748743718592965,0,0
dceghhhstv,7881,Los Angeles,0,1586987667,34,3.4321608040201004,0,0
uojncvttql,1933,Los Angeles,0,1587017106,35,4.437185929648241,1,0
onslstancn,36796,Copenhagen,1,1586984872,33,1.2814070351758793,1,0
hscovklunf,38986,San Francisco,1,1586991728,31,1.6633165829145728,0,1
oehgtxbklu,39748,San Francisco,0,1587039326,37,2.507537688442211,1,1
xzsnvosmzl,97818,Los Angeles,1,1587036284,33,3.5527638190954773,0,1
uchanotpan,7095,Berkeley,1,1586997782,29,4.296482412060302,0,1
sthvztepmi,6760,Berkeley,1,1586973798,31,2.3869346733668344,0,1
echexvihqc,49042,San Francisco,0,1587001029,26,1.7236180904522613,1,1
snxflsdvae,7881,Los Angeles,1,1586991039,26,4.236180904522613,0,1
kltkhskjzo,3916,Copenhagen,0,1586985547,34,3.814070351758794,1,1
usdlltsstb,58866,Berkeley,0,1587020348,40,4.35678391959799,1,1
ojldqmvnum,60233,Los Angeles,1,1587000137,39,1.4623115577889447,0,0
thddknxaql,33473,San Francisco,0,1587004176,18,2.809045226130653,0,0
putextxblz,29376,Copenhagen,1,1587001285,22,3.9346733668341707,1,0
pcmpmajcti,7367,San Francisco,0,1587005554,34,2.366834170854271,0,0
snxflsdvae,34872,Berkeley,0,1587039652,35,4.296482412060302,0,1
kltkhskjzo,20332,Los Angeles,1,1587051535,19,3.150753768844221,0,0
xshjhvfqca,33473,San Francisco,0,1587034586,30,4.939698492462312,0,1
ksjgaxtkfe,96192,Copenhagen,1,1586998699,27,4.778894472361809,1,0
xpzegxjhce,29207,San Francisco,0,1587043628,27,3.7537688442211055,0,1
xtgknnszco,6760,San Francisco,0,1587037968,28,4.115577889447236,1,0
xpzegxjhce,35596,Copenhagen,0,1586991637,34,4.658291457286432,1,0
nkhkjoccqe,59060,Copenhagen,1,1586981934,36,4.819095477386934,0,1
thddknxaql,13714,Los Angeles,1,1587023186,34,3.7336683417085426,1,1
tudptxctoa,13714,San Francisco,0,1586979464,36,4.135678391959799,0,1
fmblutsbii,30763,Los Angeles,0,1587024287,37,1.1809045226130652,1,0
uchanotpan,75418,Los Angeles,0,1587010821,37,3.9145728643216082,0,0
gphnectljo,49042,Copenhagen,0,1586988328,20,2.748743718592965,1,0
tudptxctoa,44802,San Francisco,1,1586984795,19,1.763819095477387,0,1
xtgknnszco,6760,Copenhagen,1,1586997718,34,3.6532663316582914,1,1
jpaqxepmhd,7367,Los Angeles,0,1587002331,20,4.63819095477387,1,0
toxtjeldsk,33473,Los Angeles,1,1586996128,25,1.4221105527638191,1,1
kdtvzatfjo,58866,San Francisco,0,1587025939,38,1.6030150753768844,0,1
hzzzgfsnze,34872,San Francisco,1,1587009646,23,3.8542713567839195,0,1
loqsetlmcd,33473,Copenhagen,1,1587013157,42,1.6432160804020102,1,1
zsbtbtutts,29207,Los Angeles,0,1587056535,19,4.939698492462312,0,0
tngttxcmtz,20332,San Francisco,1,1587004088,37,1.2412060301507537,1,1
uchanotpan,44802,Los Angeles,0,1586978209,25,4.63819095477387,0,0
ladbxduoqt,29207,Los Angeles,0,1587021270,31,1.6834170854271355,1,1
ejknasvbtb,75418,San Francisco,0,1587008601,32,2.949748743718593,0,0
putextxblz,96192,Copenhagen,1,1587058058,33,4.819095477386934,0,1
bhofaptbim,43597,Copenhagen,0,1587013509,29,4.0954773869346734,1,1
ukobobtvbq,33679,San Francisco,0,1586980431,19,4.437185929648241,1,0
tngttxcmtz,23661,Los Angeles,0,1586999289,31,2.1256281407035176,1,1
mjxapsccgl,58866,San Francisco,1,1587031790,31,2.5879396984924625,1,1
uhljjdtnut,6760,Copenhagen,1,1587038427,20,3.512562814070352,1,0
veuvxtfefp,94304,San Francisco,0,1587048869,26,1.4221105527638191,1,0
cdxxcofjmk,51228,Los Angeles,0,1587030449,27,3.8542713567839195,0,0
hpsstpfzpv,21642,Copenhagen,1,1586982809,32,1.0402010050251256,1,0
fshsntgbqh,7881,Copenhagen,0,1587013725,42,2.4271356783919598,0,1
loqsetlmcd,29426,Berkeley,1,1587009348,36,4.658291457286432,0,1
oopepkmgvv,33473,Berkeley,0,1586999504,32,2.3869346733668344,1,0
akzzcbhsvt,13714,Los Angeles,1,1587021404,35,2.165829145728643,0,1
ejknasvbtb,21504,San Francisco,0,1587057126,40,2.2261306532663316,1,1
blbedllbpx,49968,Los Angeles,0,1587018120,30,1.1608040201005025,1,0
ztjszlttme,59060,Los Angeles,0,1587038714,32,4.155778894472362,1,0
uojncvttql,91386,Los Angeles,0,1587015076,20,1.5226130653266332,1,1
ldazngtbzx,33679,Berkeley,1,1587029982,29,2.065326633165829,0,0
oehgtxbklu,83273,San Francisco,0,1587026702,34,1.3819095477386933,1,1
gduincfcet,58866,Los Angeles,1,1587058966,31,4.49748743718593,1,0
xtgknnszco,51228,Los Angeles,0,1587051298,43,4.376884422110553,0,1
veuvxtfefp,44802,Los Angeles,0,1586983354,41,4.49748743718593,1,0
fmblutsbii,51228,San Francisco,0,1587047321,21,3.71356783919598,0,1
mkckhmsfmm,3011,Los Angeles,1,1586998000,34,2.507537688442211,0,1
atgapomeop,59060,Copenhagen,0,1587051388,41,1.321608040201005,1,0
kltkhskjzo,13714,San Francisco,0,1586996861,22,5.0,1,1
jgueqfmkdk,33473,Berkeley,1,1587015388,30,4.376884422110553,1,1
jaosokfcdj,6760,San Francisco,1,1587057946,33,3.8944723618090453,0,0
ukobobtvbq,58866,Berkeley,1,1587013043,35,2.527638190954774,0,0
gtqggztxmk,35596,Los Angeles,1,1587033812,23,3.190954773869347,1,1
ksjgaxtkfe,94304,Berkeley,1,1586984034,40,2.0251256281407035,0,0
vjtaufvgzq,96192,Copenhagen,1,1586994632,19,4.175879396984925,0,1
oopepkmgvv,3938,Copenhagen,1,1586981999,21,4.839195979899498,0,1
qvvbapxkdj,29376,Los Angeles,1,1587021437,26,4.71859296482412,1,0
dceghhhstv,97818,Berkeley,1,1587059173,43,3.7336683417085426,0,1
qazjzteezo,33679,Copenhagen,0,1586975415,26,2.065326633165829,1,0
usdlltsstb,47054,Copenhagen,1,1587058707,38,1.120603015075377,1,0
xtfkzupgam,94304,Berkeley,0,1587007920,31,1.321608040201005,0,0
lzhqtleiph,13714,Berkeley,1,1587042716,22,1.7236180904522613,1,1
jpaqxepmhd,33679,Copenhagen,1,1587059269,19,3.492462311557789,0,0
bnoqzmgmth,29426,Los Angeles,0,1586975163,19,3.7537688442211055,1,1
blbedllbpx,23634,Berkeley,1,1587017425,39,2.708542713567839,0,1
jgueqfmkdk,49042,Los Angeles,1,1587017356,19,2.1256281407035176,1,1
onslstancn,34872,Berkeley,1,1587050838,30,1.542713567839196,1,0
veuvxtfefp,55745,Los Angeles,0,1587008585,20,1.9447236180904524,0,0
qvvbapxkdj,91386,Copenhagen,1,1587011609,19,1.4020100502512562,1,0
ejknasvbtb,34872,Berkeley,1,1587001222,32,4.175879396984925,0,1
blbedllbpx,29376,Copenhagen,1,1587030426,23,1.7839195979899498,1,0
usdlltsstb,29426,Los Angeles,0,1587011971,18,1.7437185929648242,0,1
axxagpiqkh,29207,Los Angeles,0,1586979596,44,4.63819095477387,0,0
gjnhmntznf,3938,Los Angeles,1,1587032577,35,1.6834170854271355,0,1
gjnhmntznf,60233,Berkeley,0,1587025415,37,3.0100502512562812,1,0
ciqbijisdh,39748,Berkeley,1,1586996379,40,2.1256281407035176,1,1
onslstancn,58866,Copenhagen,0,1587038482,19,4.1959798994974875,1,1
gtqggztxmk,33679,San Francisco,0,1587009792,33,1.964824120603015,1,1
qvvbapxkdj,97818,San Francisco,1,1586997025,37,1.7437185929648242,1,1
satdtjljzl,75418,San Francisco,1,1586985717,35,1.1407035175879396,1,1
uhljjdtnut,45743,Los Angeles,0,1587051019,41,1.4623115577889447,0,0
ikotmeggsq,3916,San Francisco,1,1587007356,31,2.1457286432160805,1,1
onslstancn,51228,San Francisco,1,1587040042,34,4.597989949748744,1,1
oopepkmgvv,45743,Copenhagen,1,1587045206,44,1.221105527638191,0,1
jaosokfcdj,47054,Copenhagen,1,1587021455,24,3.1105527638190953,0,1
snxflsdvae,35596,Copenhagen,0,1587022843,39,1.6432160804020102,1,1
kkvcnxeizl,59060,Los Angeles,1,1586986919,43,3.5527638190954773,1,0
gphnectljo,58866,Copenhagen,0,1587004030,36,1.7236180904522613,0,1
bnoqzmgmth,3938,Berkeley,0,1586977895,40,1.120603015075377,1,1
gduincfcet,3916,Los Angeles,0,1587009946,24,2.507537688442211,0,0
uchanotpan,49968,Copenhagen,0,1587002055,39,4.175879396984925,1,0
oehgtxbklu,4196,Copenhagen,1,1586985921,21,3.050251256281407,0,0
sgsmdqgtpj,58866,Berkeley,1,1587027121,22,1.3618090452261307,1,0
dceghhhstv,3011,Berkeley,0,1586980476,21,3.251256281407035,0,1
gtudkoidxg,59060,Copenhagen,0,1587001081,43,3.030150753768844,1,1
ladbxduoqt,7095,Los Angeles,0,1586979427,25,2.165829145728643,0,1
ojdlqqakpo,29426,Berkeley,0,1586988626,18,4.155778894472362,1,0
sthvztepmi,47054,Copenhagen,0,1586995310,19,1.6231155778894473,0,1
uojncvttql,7881,Los Angeles,1,1587010066,22,1.6432160804020102,0,0
blbedllbpx,38986,Copenhagen,0,1586980055,40,1.5226130653266332,1,0
lzhqtleiph,30763,San Francisco,1,1587024937,32,4.8793969849246235,1,1
ikotmeggsq,23634,Berkeley,1,1586985003,20,4.959798994974875,0,0
thddknxaql,47054,Copenhagen,0,1587055349,20,3.592964824120603,0,1
thddknxaql,96192,Berkeley,0,1586984690,19,2.869346733668342,0,0
xtfkzupgam,13714,Los Angeles,1,1587019796,33,2.5477386934673367,0,1
lebsdtjdvx,96766,Copenhagen,0,1586977110,19,2.6884422110552766,0,1
uhljjdtnut,7095,Copenhagen,0,1586989856,26,3.5728643216080402,0,1
bhofaptbim,35596,Los Angeles,1,1586977355,44,2.628140703517588,0,1
oopepkmgvv,13714,Copenhagen,1,1587038371,25,4.055276381909548,1,0
jaosokfcdj,30763,Copenhagen,0,1587058035,34,4.698492462311558,1,0
thddknxaql,96329,Los Angeles,1,1587020971,32,3.371859296482412,1,1
xtfkzupgam,23661,San Francisco,1,1587014002,23,2.5678391959798996,0,0
sgsmdqgtpj,91386,Los Angeles,0,1586995864,38,1.4221105527638191,0,0
lzhqtleiph,29207,San Francisco,1,1587042603,23,4.899497487437186,1,0
asesoatsha,96192,San Francisco,1,1587024087,30,4.597989949748744,1,0
zsbtbtutts,49042,San Francisco,0,1587030974,38,4.21608040201005,0,0
sthvztepmi,58866,Berkeley,0,1587015946,26,1.9447236180904524,1,1
onslstancn,21642,Berkeley,1,1587022587,18,3.7537688442211055,0,1
tudptxctoa,75418,Los Angeles,1,1587003378,40,1.4020100502512562,0,1
ajfiudkzmq,13714,Copenhagen,1,1586997083,26,2.8894472361809047,0,0
gtqggztxmk,44802,Berkeley,0,1586991112,32,3.291457286432161,0,1
gduincfcet,51228,Los Angeles,1,1587016814,23,3.472361809045226,0,0
lfpgfvuhtj,6760,Copenhagen,1,1587010092,27,3.7537688442211055,1,0
hpsstpfzpv,7881,Berkeley,0,1587058741,29,3.130653266331658,1,1
xshjhvfqca,29207,Copenhagen,1,1587019358,29,2.3869346733668344,1,1
atgapomeop,49968,San Francisco,0,1587037680,21,1.542713567839196,1,1
qazjzteezo,20332,Berkeley,0,1586986741,19,3.050251256281407,0,0
oehgtxbklu,43597,Los Angeles,0,1586978267,28,4.49748743718593,1,0
dceghhhstv,96192,Los Angeles,1,1586980772,20,3.170854271356784,1,0
vjtaufvgzq,60233,Copenhagen,1,1587001673,32,1.9447236180904524,0,1
blbedllbpx,96766,Los Angeles,1,1587011662,26,3.9145728643216082,1,0
thddknxaql,55745,Copenhagen,1,1587048825,39,4.316582914572864,1,0
uhljjdtnut,96192,Copenhagen,0,1586978435,27,1.8844221105527639,1,1
sgsmdqgtpj,35596,San Francisco,0,1587007152,40,4.819095477386934,0,0
uhljjdtnut,96766,Berkeley,0,1586980509,28,4.115577889447236,1,0
lebsdtjdvx,7367,Copenhagen,1,1587051006,27,3.6331658291457285,1,1
satdtjljzl,21328,San Francisco,1,1586991949,22,1.1608040201005025,1,1
lfpgfvuhtj,29426,Copenhagen,0,1587052457,34,1.984924623115578,0,0
htadjxfkhp,38986,Copenhagen,0,1587006740,39,3.170854271356784,0,0
ojqqnqpmso,58866,San Francisco,0,1586977966,24,1.6432160804020102,0,1
satdtjljzl,51228,Berkeley,0,1586976243,23,3.7939698492462313,0,0
sthvztepmi,83273,Berkeley,1,1586982212,31,3.613065326633166,1,1
xfzqipazik,96766,Los Angeles,0,1587000245,32,1.4020100502512562,1,1
onslstancn,96192,San Francisco,1,1586984807,21,4.276381909547739,1,0
hlghntlgil,96766,Los Angeles,1,1587014347,43,3.0100502512562812,1,1
pltimkueeg,38986,San Francisco,1,1587010290,18,2.2462311557788945,0,1
ojqqnqpmso,44802,San Francisco,0,1587013101,21,2.4271356783919598,1,0
ukobobtvbq,43597,Copenhagen,0,1587005660,31,3.71356783919598,0,0
kltkhskjzo,3938,Los Angeles,0,1587018433,29,2.366834170854271,0,0
loqsetlmcd,38986,Copenhagen,0,1587032863,36,3.7738693467336684,1,1
lfpgfvuhtj,21504,Berkeley,1,1587007442,41,3.472361809045226,1,0
ladbxduoqt,39748,Copenhagen,0,1587025759,41,3.4321608040201004,0,1
oepmhvzubf,96766,Los Angeles,0,1586992641,22,4.678391959798995,0,1
kdtvzatfjo,13714,Copenhagen,0,1587028188,37,1.984924623115578,1,1
hvngpsitkt,44802,Copenhagen,0,1587039545,19,1.4221105527638191,1,1
tioxzectdu,4196,Copenhagen,1,1587043273,26,4.1959798994974875,1,1
fshsntgbqh,21504,Los Angeles,1,1587058923,30,1.6633165829145728,0,1
veuvxtfefp,34872,Berkeley,0,1586988971,22,2.507537688442211,1,1
lvgnvtthxl,96192,Los Angeles,1,1586977025,19,4.758793969849246,0,0
xpzegxjhce,91386,San Francisco,1,1586979571,38,1.7236180904522613,0,0
akzzcbhsvt,60233,Berkeley,0,1587023383,18,4.899497487437186,0,0
gjnhmntznf,67884,Berkeley,0,1587017329,19,3.190954773869347,1,0
gtqggztxmk,30763,Copenhagen,1,1587006213,25,4.0954773869346734,0,0
ejknasvbtb,96192,Copenhagen,0,1587026470,39,1.442211055276382,1,1
xfzqipazik,13714,San Francisco,1,1587046371,19,4.8793969849246235,0,0
pcmpmajcti,35596,Berkeley,1,1587041279,24,1.9045226130653266,0,1
satdtjljzl,1933,San Francisco,1,1587026763,39,3.9547738693467336,0,0
nkhkjoccqe,7095,San Francisco,1,1586996411,42,2.7688442211055277,0,0
kxtgndzszk,44802,Copenhagen,0,1587058546,36,3.7939698492462313,0,0
kxtgndzszk,51228,Copenhagen,1,1586979946,31,3.351758793969849,1,1
xtgknnszco,58866,San Francisco,1,1586994425,33,4.035175879396985,1,0
pmgfvettto,7881,Berkeley,0,1587044222,29,2.3266331658291457,1,0
pcmpmajcti,6760,Los Angeles,0,1586981274,34,3.1105527638190953,0,1
pltimkueeg,21642,Copenhagen,0,1587017586,39,2.3869346733668344,1,0
ciqbijisdh,35596,San Francisco,1,1586988257,27,4.658291457286432,1,0
hlghntlgil,44802,Copenhagen,0,1587021621,32,1.2010050251256281,0,0
ciqbijisdh,94304,San Francisco,1,1587010139,42,3.2311557788944723,0,1
gphnectljo,51228,Berkeley,0,1587037244,25,4.015075376884422,1,1
hvngpsitkt,59060,San Francisco,0,1586974834,27,2.869346733668342,0,1
hpsstpfzpv,49042,Berkeley,0,1587010598,43,1.100502512562814,0,0
qvvbapxkdj,96766,Copenhagen,0,1586995611,39,3.8944723618090453,1,1
loqsetlmcd,59060,Copenhagen,0,1587055899,31,4.35678391959799,1,0
fshsntgbqh,30763,Copenhagen,1,1587015781,26,1.5025125628140703,1,0
qbdcpblvlt,3011,Berkeley,0,1587005633,29,3.71356783919598,1,1
sgsmdqgtpj,3938,Copenhagen,1,1587029314,35,2.165829145728643,0,0
vjtaufvgzq,23634,Berkeley,1,1587009538,25,3.9547738693467336,1,1
fshsntgbqh,17234,Berkeley,1,1587006850,25,3.130653266331658,0,0
ojdlqqakpo,38986,San Francisco,0,1587045295,18,3.030150753768844,1,0
ikotmeggsq,91386,Berkeley,1,1587048335,38,1.3618090452261307,1,1
gjnhmntznf,44802,San Francisco,1,1587059466,28,3.271356783919598,0,0
jpaqxepmhd,23661,Copenhagen,1,1586988971,39,4.939698492462312,1,1
ejknasvbtb,3916,Copenhagen,1,1587037108,32,3.8944723618090453,1,1
xtfkzupgam,96329,Berkeley,0,1586999962,44,3.814070351758794,0,1
ldvcnjilzc,13714,San Francisco,1,1587040216,32,2.5879396984924625,1,1
ukobobtvbq,36796,San Francisco,1,1587000767,25,4.0954773869346734,0,0
jgueqfmkdk,49968,Berkeley,1,1587053239,34,3.8542713567839195,1,0
kkvcnxeizl,86010,Berkeley,0,1587033223,19,1.221105527638191,0,1
asesoatsha,13714,Los Angeles,0,1586994377,28,3.130653266331658,1,1
veuvxtfefp,60233,Los Angeles,1,1587045658,35,2.085427135678392,0,1
ldvcnjilzc,55745,Los Angeles,1,1587029854,34,1.6231155778894473,0,1
tngttxcmtz,97818,Copenhagen,0,1587001686,40,1.8241206030150754,1,0
bghvtgascf,6760,Los Angeles,0,1587037295,43,3.7738693467336684,0,1
qvvbapxkdj,13714,Los Angeles,0,1587019834,21,2.4472361809045227,0,1
tudptxctoa,3938,Berkeley,0,1586992454,22,1.9246231155778895,0,1
oepmhvzubf,38986,Copenhagen,0,1587051003,34,4.236180904522613,1,0
toxtjeldsk,23634,Los Angeles,1,1587024881,28,4.899497487437186,1,0
qcticnapgc,47054,Los Angeles,1,1587031785,33,4.477386934673367,1,0
ejknasvbtb,29207,Berkeley,1,1587027889,43,4.236180904522613,1,0
jpaqxepmhd,86010,Berkeley,0,1587010950,30,3.4321608040201004,0,1
xtfkzupgam,7367,San Francisco,1,1587045520,34,4.035175879396985,0,0
ajfiudkzmq,49042,San Francisco,0,1586977565,38,3.9748743718592965,1,0
hscovklunf,33473,Los Angeles,1,1587036193,39,3.412060301507538,0,0
satdtjljzl,49968,Los Angeles,0,1587007170,31,1.1608040201005025,0,0
kdtvzatfjo,86010,Los Angeles,0,1587032709,38,1.0402010050251256,0,1
hlghntlgil,63173,Berkeley,0,1586991120,43,4.5376884422110555,1,1
oehgtxbklu,59060,San Francisco,1,1587051348,19,2.5678391959798996,1,0
uojncvttql,3938,Copenhagen,1,1587046761,21,2.5477386934673367,0,1
onslstancn,21504,Copenhagen,0,1587040796,44,1.763819095477387,0,1
ksjgaxtkfe,60233,Copenhagen,0,1586991332,44,3.150753768844221,1,0
ldvcnjilzc,83273,Berkeley,1,1586984320,18,1.2613065326633166,1,0
lfpgfvuhtj,3938,Los Angeles,0,1586984832,22,2.728643216080402,1,0
snxflsdvae,51228,Berkeley,1,1587016049,28,3.07035175879397,0,0
sjnxatjbls,21328,Los Angeles,1,1587056040,25,4.959798994974875,1,1
ciqbijisdh,96329,Berkeley,0,1587045379,30,2.869346733668342,0,0
ukobobtvbq,83273,Copenhagen,0,1587026451,41,2.7889447236180906,1,0
blbedllbpx,49042,Los Angeles,1,1586994562,25,3.613065326633166,1,1
xfzqipazik,7367,Los Angeles,1,1587033612,25,4.155778894472362,1,1
ojdlqqakpo,7367,Copenhagen,0,1587044148,38,4.798994974874372,1,1
cdxxcofjmk,60233,San Francisco,1,1587043001,27,2.869346733668342,0,1
xshjhvfqca,3938,Berkeley,0,1587013843,37,2.4874371859296485,1,1
putextxblz,4196,Berkeley,0,1586995598,31,3.050251256281407,1,1
blbedllbpx,45743,Copenhagen,1,1587048734,31,2.9899497487437188,1,0
uojncvttql,7095,San Francisco,0,1587000446,35,3.170854271356784,1,1
gjnhmntznf,3011,Berkeley,1,1586987149,18,4.316582914572864,1,1
oepmhvzubf,49968,Berkeley,0,1587030723,25,2.92964824120603,1,0
uchanotpan,35596,San Francisco,1,1587001218,34,4.597989949748744,0,1
snxflsdvae,94304,Los Angeles,1,1587057581,29,1.7236180904522613,0,0
pcmpmajcti,58866,Berkeley,0,1587016982,43,4.758793969849246,1,0
kltkhskjzo,7095,Copenhagen,0,1587058866,36,1.0,1,1
ojqqnqpmso,30763,Los Angeles,0,1586990077,37,2.728643216080402,0,1
hscovklunf,29376,Berkeley,0,1587026734,23,2.085427135678392,0,0
snxflsdvae,36796,Berkeley,0,1586987273,26,2.5678391959798996,0,0
nkhkjoccqe,97818,Copenhagen,0,1587035891,39,4.959798994974875,0,1
echexvihqc,96329,Los Angeles,0,1586988482,32,2.0050251256281406,0,0
oepmhvzubf,29207,Berkeley,1,1587035520,29,4.939698492462312,1,0
xfzqipazik,21328,San Francisco,1,1587037754,32,3.050251256281407,1,0
lzhqtleiph,55745,San Francisco,0,1587034831,44,3.7939698492462313,1,1
jpaqxepmhd,17234,Los Angeles,1,1586992297,28,3.3316582914572863,1,1
qazjzteezo,29207,Berkeley,1,1587037877,30,4.316582914572864,1,0
lvgnvtthxl,6760,San Francisco,1,1587053387,32,2.1457286432160805,0,0
eiaiqxkizg,21642,Berkeley,0,1587031598,35,2.7688442211055277,1,1
lebsdtjdvx,59060,Berkeley,1,1587003306,35,3.6532663316582914,0,1
oehgtxbklu,21504,Copenhagen,0,1587057435,40,2.3869346733668344,0,0
kxtgndzszk,3916,San Francisco,1,1587003196,36,1.6834170854271355,0,0
jgueqfmkdk,51228,Los Angeles,0,1586995998,37,4.135678391959799,1,1
tchmbejnlg,7095,San Francisco,0,1587027080,30,1.984924623115578,1,0
jaosokfcdj,34872,Berkeley,1,1587048545,20,1.7236180904522613,0,1
loqsetlmcd,29207,Los Angeles,1,1587019984,35,5.0,1,0
bnoqzmgmth,30763,Los Angeles,0,1587039481,21,3.0100502512562812,0,1
jbbkffdihp,3011,Berkeley,1,1587058301,36,1.5829145728643215,0,0
atgapomeop,55745,Berkeley,1,1586997886,43,3.4321608040201004,0,0
ldazngtbzx,49968,San Francisco,1,1586995643,34,2.949748743718593,0,0
ojldqmvnum,75418,San Francisco,1,1587017185,35,1.1407035175879396,0,1
bnoqzmgmth,51228,Berkeley,1,1586991676,26,3.693467336683417,1,1
oehgtxbklu,20332,San Francisco,0,1587025457,38,3.7738693467336684,1,0
ajfiudkzmq,49042,Copenhagen,1,1587054475,35,4.577889447236181,0,0
hlghntlgil,29376,Copenhagen,0,1587015794,38,4.618090452261306,1,1
tipqpcdbmm,49042,Copenhagen,1,1587014961,38,4.819095477386934,1,0
uhljjdtnut,17234,Los Angeles,0,1587034973,41,2.0452261306532664,1,1
ojqqnqpmso,94304,Los Angeles,1,1587037519,31,3.6532663316582914,0,1
htadjxfkhp,17234,Berkeley,0,1587050156,33,2.829145728643216,1,0
ikotmeggsq,60233,Copenhagen,0,1587008227,28,2.065326633165829,0,0
snxflsdvae,67884,Los Angeles,1,1586976822,28,2.1457286432160805,1,1
jbbkffdihp,23661,Los Angeles,0,1587020949,40,2.3467336683417086,0,1
gjnhmntznf,6760,Berkeley,0,1587027543,31,2.728643216080402,1,0
bhofaptbim,20332,San Francisco,0,1587004388,26,4.71859296482412,0,1
qazjzteezo,96192,Copenhagen,0,1587047329,37,1.5628140703517588,1,0
putextxblz,7095,Copenhagen,0,1587003294,29,3.8341708542713566,0,1
dceghhhstv,29207,Berkeley,0,1586981747,20,4.658291457286432,0,1
fmblutsbii,23661,Copenhagen,0,1587009201,42,2.708542713567839,0,0
cdxxcofjmk,33679,Copenhagen,1,1587004617,37,4.0954773869346734,0,0
thddknxaql,3011,San Francisco,0,1586998779,42,3.613065326633166,0,0
mjxapsccgl,23661,San Francisco,0,1587032304,36,4.135678391959799,1,1
tipqpcdbmm,23661,Berkeley,1,1587033991,39,1.1809045226130652,1,0
mkckhmsfmm,3916,San Francisco,0,1586990140,36,2.7889447236180906,0,0
ejknasvbtb,7367,Berkeley,0,1587028101,24,2.1256281407035176,0,0
zsbtbtutts,49968,Berkeley,1,1587005667,25,2.608040201005025,1,1
hlghntlgil,60233,San Francisco,0,1587046770,44,3.5728643216080402,0,0
xshjhvfqca,30763,Copenhagen,0,1587034852,28,2.9899497487437188,1,1
onslstancn,29207,Berkeley,0,1587031401,41,3.5326633165829144,0,0
kltkhskjzo,29426,Berkeley,1,1586997419,18,3.090452261306533,0,1
mjxapsccgl,4196,San Francisco,1,1587051932,30,2.5678391959798996,1,0
tngttxcmtz,60233,San Francisco,0,1587031959,23,1.7437185929648242,0,0
hvngpsitkt,39748,Berkeley,1,1587057250,34,1.1407035175879396,0,1
xtfkzupgam,86010,Berkeley,0,1587057849,26,3.150753768844221,0,1
ciqbijisdh,67884,San Francisco,0,1587039899,19,3.2311557788944723,1,0
qvvbapxkdj,96192,Berkeley,1,1587036180,22,1.6030150753768844,0,0
cuniuaidkm,3011,Los Angeles,1,1587028772,35,2.3869346733668344,1,1
sgsmdqgtpj,58866,Copenhagen,0,1587023547,20,3.4522613065326633,1,0
vjtaufvgzq,21642,Berkeley,0,1586980260,19,1.4020100502512562,0,0
dceghhhstv,75418,San Francisco,1,1587033206,35,4.477386934673367,1,1
gjnhmntznf,29426,San Francisco,1,1586984997,44,4.396984924623116,0,1
pltimkueeg,49968,Los Angeles,0,1587005543,22,3.351758793969849,0,0
onslstancn,36796,Copenhagen,1,1587026459,36,4.396984924623116,1,1
xzsnvosmzl,96766,Los Angeles,0,1587053070,32,3.2311557788944723,1,0
htadjxfkhp,63173,Los Angeles,0,1587001360,28,2.4472361809045227,0,1
kltkhskjzo,43597,Copenhagen,1,1587030568,22,1.763819095477387,1,0
sdqdxxoosv,29207,Berkeley,0,1587052028,18,1.0402010050251256,0,1
ojldqmvnum,23661,Copenhagen,0,1587039606,40,1.1407035175879396,0,0
ukobobtvbq,6760,San Francisco,0,1586992893,34,4.9798994974874375,0,1
tqvktjkoxh,29207,Los Angeles,0,1587019433,36,1.3618090452261307,0,0
snxflsdvae,1933,Copenhagen,0,1587016853,33,1.0804020100502512,0,1
fshsntgbqh,55745,San Francisco,1,1587025078,34,1.5628140703517588,0,0
uhljjdtnut,67884,Los Angeles,0,1586989110,33,4.256281407035176,0,1
thddknxaql,39748,Los Angeles,1,1586992426,44,4.155778894472362,1,1
cuoixlqvuj,33473,Copenhagen,0,1587046091,41,3.21105527638191,0,1
echexvihqc,59060,Berkeley,0,1587021861,26,4.457286432160804,1,0
ladbxduoqt,36796,Los Angeles,0,1587002778,37,1.020100502512563,0,0
satdtjljzl,4196,Berkeley,0,1587014722,19,4.175879396984925,1,0
lzhqtleiph,47054,Copenhagen,0,1587058820,19,2.869346733668342,0,0
oepmhvzubf,96192,San Francisco,0,1587049266,33,3.3316582914572863,1,0
gtudkoidxg,51228,Los Angeles,1,1587040608,26,1.8844221105527639,0,0
oopepkmgvv,45743,Berkeley,0,1587022337,21,1.7236180904522613,0,0
lfpgfvuhtj,55745,Los Angeles,1,1586981411,39,3.3316582914572863,1,1
ojdlqqakpo,29207,San Francisco,1,1587051027,29,3.2311557788944723,0,0
pltimkueeg,21504,Copenhagen,1,1587027127,41,1.3015075376884422,1,1
sdqdxxoosv,75418,San Francisco,0,1586989220,43,2.2060301507537687,0,0
ukobobtvbq,23634,Copenhagen,0,1587041839,18,4.85929648241206,0,1
axxagpiqkh,23634,Copenhagen,0,1586977577,44,3.8341708542713566,1,0
kdtvzatfjo,13714,Los Angeles,1,1587016971,43,1.7839195979899498,0,0
sjnxatjbls,39748,San Francisco,1,1587030344,32,1.3819095477386933,1,0
xfzqipazik,96766,Berkeley,0,1587008030,39,2.3869346733668344,1,0
kkvcnxeizl,47054,San Francisco,1,1587052537,19,3.5728643216080402,0,1
xshjhvfqca,59060,Copenhagen,0,1586986872,41,3.4321608040201004,0,0
asesoatsha,3011,Los Angeles,0,1586983145,22,4.85929648241206,0,0
atgapomeop,67884,Berkeley,0,1587007743,20,2.507537688442211,1,1
xpzegxjhce,35596,Berkeley,0,1587047247,29,2.6884422110552766,0,0
sdqdxxoosv,49042,Los Angeles,1,1586998857,18,1.6633165829145728,1,1
xzsnvosmzl,23661,San Francisco,1,1587054641,35,2.648241206030151,0,0
mjxapsccgl,35596,San Francisco,0,1587045159,34,1.8442211055276383,0,0
oajahqeaxb,38986,San Francisco,1,1586982073,41,3.0100502512562812,1,0
tudptxctoa,3938,Copenhagen,0,1586976642,38,4.015075376884422,1,0
sthvztepmi,58866,San Francisco,0,1586991352,36,4.396984924623116,1,0
tqvktjkoxh,47054,Los Angeles,0,1587019770,30,2.869346733668342,1,1
dceghhhstv,29376,Berkeley,1,1587049304,26,2.809045226130653,0,0
ladbxduoqt,83273,San Francisco,0,1587029210,30,3.391959798994975,1,1
hvngpsitkt,33679,Copenhagen,0,1587000043,26,2.407035175879397,1,1
lfpgfvuhtj,96766,San Francisco,0,1587058326,37,2.628140703517588,0,1
hzzzgfsnze,97818,Los Angeles,0,1587007980,27,3.592964824120603,0,0
qbdcpblvlt,20332,Copenhagen,1,1586985272,19,4.336683417085427,0,0
dceghhhstv,4196,Copenhagen,1,1586989011,39,4.336683417085427,0,0
bhofaptbim,30763,Los Angeles,0,1586997161,37,3.7336683417085426,0,0
ikotmeggsq,58866,San Francisco,0,1587033396,33,3.3316582914572863,0,1
mkckhmsfmm,96192,Berkeley,0,1587013236,42,2.7688442211055277,1,1
ojldqmvnum,43597,San Francisco,0,1587050595,29,1.9447236180904524,1,0
kltkhskjzo,3938,Los Angeles,1,1587011304,36,4.959798994974875,0,1
qvvbapxkdj,44802,Berkeley,1,1586988386,40,3.8743718592964824,0,1
xtfkzupgam,63173,Berkeley,1,1586998361,19,1.5829145728643215,1,0
cdxxcofjmk,23634,Los Angeles,0,1586981373,30,4.0954773869346734,0,0
nkhkjoccqe,36796,Berkeley,1,1586996020,21,2.949748743718593,1,0
ksjgaxtkfe,96329,San Francisco,1,1586992970,25,2.6683417085427137,1,1
sthvztepmi,96329,Los Angeles,1,1587037000,43,2.1859296482412063,0,0
ozfqotbgpx,21328,Los Angeles,1,1587059117,43,2.7889447236180906,0,1
ldazngtbzx,20332,Copenhagen,0,1587045695,43,4.5376884422110555,0,1
qvvbapxkdj,86010,Copenhagen,0,1587034173,38,3.9949748743718594,0,0
kltkhskjzo,96766,Los Angeles,1,1586984868,23,2.065326633165829,0,0
lzhqtleiph,21328,Berkeley,1,1587016165,30,3.351758793969849,1,1
nkhkjoccqe,34872,Los Angeles,1,1587050439,41,2.728643216080402,1,0
snxflsdvae,3916,Copenhagen,1,1587033485,37,4.819095477386934,0,0
sgsmdqgtpj,36796,Berkeley,0,1587031689,33,2.507537688442211,1,1
cuniuaidkm,33473,Los Angeles,0,1587002708,34,1.1407035175879396,0,0
uojncvttql,75418,Copenhagen,0,1587004915,37,3.371859296482412,0,1
putextxblz,34872,Berkeley,1,1587007545,34,2.869346733668342,1,0
xtgknnszco,30763,Los Angeles,1,1586976520,34,4.839195979899498,0,1
snxflsdvae,7881,San Francisco,1,1586989511,29,1.8442211055276383,1,0
thddknxaql,39748,Los Angeles,1,1587018818,27,1.0402010050251256,1,1
oopepkmgvv,6760,Berkeley,1,1587055608,33,4.738693467336684,1,0
sgsmdqgtpj,30763,Los Angeles,1,1586976565,40,4.5376884422110555,0,1
eiaiqxkizg,60233,Copenhagen,0,1587057624,21,2.648241206030151,1,0
uhljjdtnut,96329,Berkeley,1,1587027494,20,3.7738693467336684,1,1
qvvbapxkdj,97818,Copenhagen,1,1587033624,43,4.919597989949748,1,0
oopepkmgvv,29376,Copenhagen,0,1587013122,26,1.0402010050251256,0,0
ejknasvbtb,86010,San Francisco,1,1586982760,29,3.3316582914572863,0,0
ojldqmvnum,7367,Los Angeles,1,1586979384,25,4.798994974874372,1,0
pcmpmajcti,21328,San Francisco,0,1587006830,21,3.412060301507538,0,1
vjtaufvgzq,39748,Berkeley,0,1587043117,43,4.075376884422111,1,0
xshjhvfqca,21504,Berkeley,1,1587034383,22,1.6633165829145728,1,0
thddknxaql,45743,Berkeley,1,1587051112,27,2.1256281407035176,1,0
xshjhvfqca,49968,Berkeley,1,1587047175,28,3.9346733668341707,1,1
oopepkmgvv,21504,Los Angeles,1,1586979199,40,4.839195979899498,1,0
sjnxatjbls,7095,Copenhagen,1,1587052021,22,3.512562814070352,1,1
mkckhmsfmm,86010,Los Angeles,0,1587041738,38,1.100502512562814,1,1
xshjhvfqca,1933,Los Angeles,1,1586976214,19,3.090452261306533,0,1
pmgfvettto,49968,Copenhagen,0,1587052705,27,2.949748743718593,1,1
oepmhvzubf,33679,Copenhagen,0,1587006971,34,4.175879396984925,1,1
hpsstpfzpv,21328,Berkeley,0,1587005647,20,2.9899497487437188,1,1
gtqggztxmk,23661,Los Angeles,0,1586994613,18,3.5728643216080402,0,1
ojldqmvnum,91386,Copenhagen,1,1587010006,27,4.175879396984925,1,0
fmblutsbii,7095,Los Angeles,0,1587056309,22,2.1256281407035176,0,0
ldvcnjilzc,23661,Los Angeles,0,1587007217,24,2.7889447236180906,0,0
jaosokfcdj,6760,Berkeley,0,1587030772,29,4.0954773869346734,1,0
bnoqzmgmth,49968,Berkeley,1,1586986555,23,2.507537688442211,0,1
tqvktjkoxh,63173,Copenhagen,1,1586982341,24,1.763819095477387,1,1
ladbxduoqt,30763,Berkeley,0,1587059451,22,2.3869346733668344,1,0
lebsdtjdvx,34872,Los Angeles,1,1587032585,40,3.21105527638191,0,0
sgsmdqgtpj,7367,Los Angeles,1,1587026622,34,1.542713567839196,0,1
kxtgndzszk,96766,Copenhagen,0,1586974117,40,1.321608040201005,0,0
usdlltsstb,55745,San Francisco,0,1587001080,29,3.190954773869347,0,0
bhofaptbim,59060,Copenhagen,0,1587007956,22,1.8040201005025125,1,0
uchanotpan,44802,Los Angeles,0,1587035800,29,1.6633165829145728,0,0
akzzcbhsvt,21504,Copenhagen,1,1586989601,43,3.472361809045226,0,1
sgsmdqgtpj,39748,Berkeley,0,1587034956,32,2.1457286432160805,0,1
qcticnapgc,29426,Copenhagen,1,1586977044,40,1.0603015075376885,0,0
qcticnapgc,23634,Copenhagen,0,1586990729,21,3.3316582914572863,0,1
lebsdtjdvx,23661,Copenhagen,0,1587044425,30,2.9899497487437188,0,1
nkhkjoccqe,51228,Los Angeles,0,1586998725,37,2.6683417085427137,1,1
hzzzgfsnze,75418,Los Angeles,1,1586989981,40,2.909547738693467,1,0
asesoatsha,3938,Los Angeles,0,1587040383,33,1.542713567839196,1,0
cuniuaidkm,7367,Los Angeles,1,1586973892,19,2.7688442211055277,0,1
gtqggztxmk,35596,Berkeley,1,1586977138,39,2.2864321608040203,0,1
sthvztepmi,23661,Copenhagen,0,1587058709,31,2.4874371859296485,0,1
vjtaufvgzq,47054,Los Angeles,0,1587010837,33,4.819095477386934,0,0
atgapomeop,38986,San Francisco,1,1587017813,25,4.85929648241206,0,0
ciqbijisdh,75418,Copenhagen,0,1586976634,42,2.065326633165829,0,0
ejknasvbtb,21328,San Francisco,0,1587054967,27,4.678391959798995,0,1
xpzegxjhce,45743,Copenhagen,1,1587010431,38,4.819095477386934,1,1
jgueqfmkdk,83273,San Francisco,1,1587009666,31,2.92964824120603,1,1
cuniuaidkm,35596,San Francisco,0,1587050508,27,4.1959798994974875,1,1
lebsdtjdvx,30763,Copenhagen,1,1586999723,36,3.190954773869347,1,0
oopepkmgvv,17234,Los Angeles,1,1587045396,27,1.3417085427135678,1,0
hvngpsitkt,3938,San Francisco,0,1586974097,28,3.251256281407035,0,1
usdlltsstb,30763,Los Angeles,0,1587046050,43,2.5678391959798996,0,1
hubccfjcxa,3011,Copenhagen,0,1586977415,24,1.7437185929648242,0,0
echexvihqc,36796,Berkeley,0,1587048637,34,1.3015075376884422,0,0
xshjhvfqca,94304,Los Angeles,1,1586975594,24,3.4321608040201004,0,0
lzhqtleiph,96766,Copenhagen,0,1587014421,40,1.7236180904522613,0,1
ksjgaxtkfe,44802,Los Angeles,0,1587020151,35,3.7336683417085426,0,0
eiaiqxkizg,39748,Berkeley,1,1587025236,24,3.8944723618090453,1,1
ukobobtvbq,20332,Los Angeles,1,1587025338,19,2.909547738693467,1,1
atgapomeop,33473,Berkeley,1,1587018158,27,1.984924623115578,0,1
lzhqtleiph,55745,Los Angeles,0,1587007169,37,1.0804020100502512,0,0
uchanotpan,29426,Berkeley,0,1587040226,28,1.4221105527638191,1,0
oepmhvzubf,59060,San Francisco,0,1587049704,30,1.9246231155778895,0,1
uchanotpan,30763,San Francisco,1,1586986069,25,3.271356783919598,1,1
xtgknnszco,3011,Los Angeles,0,1587009527,42,2.7688442211055277,0,1
tchmbejnlg,43597,Los Angeles,1,1586980195,43,2.3266331658291457,0,1
uojncvttql,6760,Copenhagen,0,1587003049,43,4.457286432160804,1,0
cuniuaidkm,29376,Copenhagen,0,1586993956,31,3.7336683417085426,0,0
axxagpiqkh,13714,Los Angeles,0,1587014347,22,2.0452261306532664,0,0
cuniuaidkm,3938,San Francisco,1,1587006256,35,4.577889447236181,0,0
zsbtbtutts,58866,Copenhagen,0,1587021190,39,4.276381909547739,1,1
asesoatsha,43597,San Francisco,0,1587041712,37,1.6030150753768844,1,1
zsbtbtutts,55745,Berkeley,0,1586982211,29,4.959798994974875,0,1
loqsetlmcd,7881,Los Angeles,1,1587023611,44,3.371859296482412,1,0
xzsnvosmzl,4196,Berkeley,0,1586981442,42,3.5326633165829144,1,1
pcmpmajcti,21328,Copenhagen,0,1587025260,36,1.2613065326633166,0,0
qazjzteezo,17234,Copenhagen,1,1587030405,42,3.9547738693467336,0,0
ozfqotbgpx,7095,Berkeley,0,1587045603,38,1.7839195979899498,1,0
loqsetlmcd,3011,San Francisco,1,1587043318,39,3.9145728643216082,1,1
fmblutsbii,91386,San Francisco,1,1587027312,21,1.0804020100502512,1,1
xtfkzupgam,96192,Los Angeles,1,1586976689,34,4.236180904522613,1,1
xpzegxjhce,55745,San Francisco,1,1586997627,24,3.291457286432161,0,0
tudptxctoa,75418,Berkeley,0,1587022992,27,4.417085427135678,1,0
ciqbijisdh,13714,San Francisco,0,1586996296,39,2.6884422110552766,1,0
jpaqxepmhd,21504,Berkeley,1,1587032457,28,3.412060301507538,0,0
ojldqmvnum,44802,Los Angeles,1,1587025765,27,2.748743718592965,1,0
fmblutsbii,7881,Los Angeles,0,1587018879,38,2.5678391959798996,0,0
ciqbijisdh,59060,San Francisco,1,1587015240,23,2.4472361809045227,1,1
lzhqtleiph,94304,Los Angeles,1,1587012241,19,4.457286432160804,0,1
xpzegxjhce,29426,Copenhagen,0,1587023696,28,3.351758793969849,0,0
uhljjdtnut,47054,Copenhagen,0,1586980339,32,4.758793969849246,0,1
xtgknnszco,67884,Los Angeles,1,1586998495,30,1.0804020100502512,1,1
sgsmdqgtpj,60233,Copenhagen,1,1587042483,43,1.120603015075377,1,0
ojldqmvnum,39748,Berkeley,1,1586995817,28,2.628140703517588,1,0
xtgknnszco,67884,Berkeley,0,1587012362,19,1.3819095477386933,0,0
mkckhmsfmm,23661,Copenhagen,1,1587046307,29,2.5678391959798996,0,1
gtudkoidxg,96766,Los Angeles,0,1587004315,30,2.467336683417085,1,1
akzzcbhsvt,33679,Copenhagen,1,1587012108,30,3.0100502512562812,1,1
ojdlqqakpo,38986,San Francisco,0,1587046908,35,2.2864321608040203,1,1
xpzegxjhce,97818,Copenhagen,1,1587000960,25,2.7688442211055277,0,1
thddknxaql,49042,Los Angeles,1,1587054917,39,1.7437185929648242,1,1
hpsstpfzpv,97818,San Francisco,1,1587014609,24,1.8442211055276383,0,0
pmgfvettto,29207,Berkeley,0,1587049985,34,2.608040201005025,1,0
snxflsdvae,96192,Copenhagen,0,1587042130,37,1.9246231155778895,1,1
gjnhmntznf,58866,Berkeley,0,1587002484,42,3.4321608040201004,1,0
qcticnapgc,94304,San Francisco,0,1587002396,22,4.135678391959799,1,0
gtudkoidxg,3916,San Francisco,0,1586997239,27,2.829145728643216,0,0
ajfiudkzmq,21642,Los Angeles,0,1586981486,30,2.6683417085427137,0,0
vjtaufvgzq,29207,San Francisco,0,1586985438,24,3.492462311557789,0,1
bhofaptbim,55745,Berkeley,0,1586994622,35,4.618090452261306,0,1
vjtaufvgzq,38986,Los Angeles,0,1587058872,36,1.7839195979899498,0,0
cuoixlqvuj,23634,Copenhagen,1,1586973365,32,2.4472361809045227,0,0
usdlltsstb,63173,San Francisco,1,1587056008,24,2.809045226130653,0,1
hvngpsitkt,96192,San Francisco,1,1587013269,41,3.170854271356784,1,0
bghvtgascf,3011,Copenhagen,0,1586979261,20,3.7336683417085426,0,1
akzzcbhsvt,1933,Copenhagen,1,1587048074,37,1.0,0,1
lebsdtjdvx,3011,San Francisco,0,1587000041,21,4.959798994974875,0,0
thddknxaql,7095,Los Angeles,0,1587003504,25,1.3015075376884422,1,0
sdqdxxoosv,75418,San Francisco,1,1586986153,19,2.2462311557788945,0,0
hvngpsitkt,43597,Berkeley,1,1587036683,31,4.376884422110553,0,0
oajahqeaxb,6760,Los Angeles,0,1587022074,44,1.4623115577889447,1,1
bhofaptbim,39748,Los Angeles,0,1587004140,33,3.5326633165829144,0,1
gtqggztxmk,39748,Los Angeles,1,1587034063,26,1.0402010050251256,0,1
snxflsdvae,17234,Copenhagen,1,1587023183,35,4.658291457286432,0,1
ukobobtvbq,86010,San Francisco,0,1587026123,30,2.748743718592965,1,0
tipqpcdbmm,7881,San Francisco,1,1587046221,22,1.321608040201005,0,0
mkckhmsfmm,21504,Berkeley,1,1586998134,19,3.9748743718592965,0,0
fmblutsbii,96192,Los Angeles,1,1587001671,20,4.758793969849246,0,0
sjnxatjbls,96192,San Francisco,1,1587057362,41,1.6432160804020102,0,1
asesoatsha,91386,Los Angeles,0,1586985096,42,3.412060301507538,1,0
gtqggztxmk,49042,San Francisco,1,1587053748,27,3.4321608040201004,1,1
xzsnvosmzl,33473,Copenhagen,1,1587015404,18,2.809045226130653,0,1
ojqqnqpmso,3916,Berkeley,0,1586979234,23,3.9145728643216082,0,1
ztjszlttme,38986,Berkeley,1,1586999137,33,4.778894472361809,1,1
uojncvttql,39748,Berkeley,1,1587042028,29,1.3015075376884422,1,0
kdtvzatfjo,23661,Copenhagen,0,1587022693,29,1.2814070351758793,0,0
kdtvzatfjo,20332,Berkeley,1,1587003005,34,4.1959798994974875,0,1
gduincfcet,7367,Berkeley,1,1586980680,18,2.708542713567839,1,1
ojqqnqpmso,63173,Berkeley,1,1586996884,24,1.5226130653266332,0,0
xtfkzupgam,34872,Berkeley,1,1587055121,42,3.170854271356784,1,1
ejknasvbtb,96329,Berkeley,0,1587034907,41,1.5829145728643215,0,1
mjxapsccgl,96766,San Francisco,0,1587006774,22,2.4472361809045227,1,0
usdlltsstb,33679,Los Angeles,1,1587040377,27,4.015075376884422,0,0
xtfkzupgam,29376,San Francisco,0,1587025568,35,3.0100502512562812,1,1
sjnxatjbls,3011,Copenhagen,0,1586981246,30,3.5527638190954773,0,0
kxtgndzszk,51228,Berkeley,1,1587031941,24,3.9346733668341707,1,0
ojqqnqpmso,63173,San Francisco,0,1586979633,21,3.4321608040201004,1,1
tngttxcmtz,23634,Copenhagen,0,1587019509,44,1.1608040201005025,1,1
bnoqzmgmth,7881,San Francisco,0,1587027214,34,4.21608040201005,1,0
thddknxaql,23634,Copenhagen,0,1586995559,30,3.190954773869347,0,1
sjnxatjbls,1933,San Francisco,1,1587031684,22,3.190954773869347,0,1
htadjxfkhp,49968,Copenhagen,0,1587058399,31,5.0,0,0
echexvihqc,3916,Copenhagen,0,1587051203,23,3.512562814070352,1,0
tngttxcmtz,21504,Berkeley,1,1587013621,19,4.296482412060302,0,0
qazjzteezo,60233,San Francisco,1,1587003716,43,3.613065326633166,0,1
mjxapsccgl,43597,Los Angeles,1,1587027261,30,1.5025125628140703,0,1
echexvihqc,38986,Copenhagen,1,1586980594,41,2.366834170854271,0,1
hlghntlgil,7367,San Francisco,1,1587021253,38,1.2814070351758793,0,0
hvngpsitkt,29426,Copenhagen,1,1587047981,25,2.1256281407035176,1,0
qbdcpblvlt,17234,San Francisco,1,1586987975,37,4.115577889447236,1,1
cuniuaidkm,1933,Los Angeles,1,1587050174,25,3.693467336683417,1,0
xzsnvosmzl,1933,San Francisco,0,1586993646,35,3.050251256281407,0,0
qbdcpblvlt,96329,San Francisco,0,1586995346,22,1.5829145728643215,1,0
ozfqotbgpx,33473,Los Angeles,1,1587004187,20,2.266331658291457,1,0
qvvbapxkdj,1933,Berkeley,1,1586996748,18,2.708542713567839,1,1
veuvxtfefp,7367,San Francisco,1,1587013352,19,2.0452261306532664,1,0
qazjzteezo,55745,San Francisco,1,1587030095,26,2.0050251256281406,0,1
eiaiqxkizg,21504,Copenhagen,0,1587042629,18,2.0050251256281406,1,1
onslstancn,51228,Los Angeles,1,1587042997,33,2.628140703517588,0,0
atgapomeop,4196,Los Angeles,0,1587058328,30,4.959798994974875,1,1
jgueqfmkdk,13714,San Francisco,0,1586977605,33,1.9045226130653266,0,0
ozfqotbgpx,23661,Los Angeles,0,1587004625,30,2.165829145728643,0,0
pmgfvettto,4196,Berkeley,1,1586997714,28,1.2814070351758793,1,1
thddknxaql,34872,Los Angeles,1,1587022077,24,2.7889447236180906,1,1
usdlltsstb,43597,Berkeley,1,1587057114,34,3.4522613065326633,0,1
qcticnapgc,7095,Los Angeles,0,1586989915,26,1.5025125628140703,0,1
jpaqxepmhd,49968,Berkeley,0,1586989489,39,2.1256281407035176,1,1
ojldqmvnum,33679,San Francisco,1,1586984383,21,3.4522613065326633,1,1
snxflsdvae,35596,Los Angeles,1,1586976646,33,4.256281407035176,1,0
ztjszlttme,13714,San Francisco,0,1586984155,39,4.658291457286432,0,0
cuniuaidkm,58866,Copenhagen,1,1587057651,43,4.0954773869346734,1,0
oehgtxbklu,29207,Los Angeles,0,1587012379,42,3.613065326633166,0,0
kdtvzatfjo,21328,Los Angeles,1,1587027021,30,1.4221105527638191,0,1
vjtaufvgzq,7095,Berkeley,0,1587038172,29,4.658291457286432,1,0
xshjhvfqca,29426,Copenhagen,1,1586998478,34,2.92964824120603,1,1
lvgnvtthxl,23634,Copenhagen,1,1586985360,41,2.5477386934673367,1,1
xfzqipazik,43597,Los Angeles,0,1587014744,44,3.170854271356784,0,0
echexvihqc,21328,Berkeley,1,1586988625,31,1.7236180904522613,1,1
oepmhvzubf,20332,Berkeley,0,1587027050,27,1.7839195979899498,1,1
jgueqfmkdk,35596,San Francisco,1,1587034339,44,4.296482412060302,1,1
pltimkueeg,44802,Berkeley,1,1587050425,36,4.9798994974874375,1,1
pmgfvettto,3916,Los Angeles,0,1586989782,35,2.608040201005025,1,1
pcmpmajcti,51228,Copenhagen,0,1587049531,31,4.738693467336684,1,0
ejknasvbtb,36796,Los Angeles,0,1587048892,38,4.658291457286432,1,0
ntnnekokoj,3011,Copenhagen,0,1587028015,24,4.678391959798995,1,0
eiaiqxkizg,43597,Los Angeles,1,1586998401,36,4.959798994974875,0,0
xfzqipazik,96192,Berkeley,0,1586974105,43,4.63819095477387,0,1
oajahqeaxb,38986,Berkeley,1,1587003828,43,1.7236180904522613,0,0
usdlltsstb,51228,Los Angeles,1,1587006673,39,3.6532663316582914,1,0
blbedllbpx,91386,Berkeley,0,1587006713,38,2.608040201005025,1,1
oepmhvzubf,7367,Los Angeles,1,1587035827,34,2.829145728643216,0,0
cuniuaidkm,29207,San Francisco,0,1587031637,40,3.311557788944724,0,0
ladbxduoqt,51228,Los Angeles,1,1587054814,25,1.6030150753768844,0,1
ldazngtbzx,20332,Berkeley,1,1587009762,44,4.919597989949748,0,1
atgapomeop,63173,Los Angeles,1,1586978010,38,3.9748743718592965,0,1
gphnectljo,33473,Berkeley,0,1587011477,20,4.557788944723618,0,0
hubccfjcxa,60233,Copenhagen,0,1586984273,27,3.391959798994975,0,0
xshjhvfqca,91386,Berkeley,1,1587046754,38,3.311557788944724,0,1
uhljjdtnut,39748,San Francisco,0,1587028212,32,4.919597989949748,0,1
pmgfvettto,75418,San Francisco,1,1587019331,22,4.396984924623116,0,1
ntnnekokoj,38986,San Francisco,1,1586981541,19,2.8894472361809047,0,0
xfzqipazik,36796,Los Angeles,0,1586976251,26,4.296482412060302,1,1
qazjzteezo,1933,Copenhagen,1,1586982018,36,4.35678391959799,1,1
ejknasvbtb,60233,Copenhagen,1,1586995775,41,3.4522613065326633,0,0
jpaqxepmhd,6760,Los Angeles,1,1587007331,44,3.7738693467336684,0,0
dceghhhstv,3938,Los Angeles,1,1587016211,28,2.3869346733668344,1,0
tqvktjkoxh,13714,Copenhagen,0,1586990015,24,2.7889447236180906,0,0
sdqdxxoosv,49042,San Francisco,1,1587011212,37,4.618090452261306,1,0
ukobobtvbq,4196,San Francisco,0,1586993957,39,2.969849246231156,0,0
sgsmdqgtpj,3938,Los Angeles,0,1587016673,37,4.316582914572864,1,0
xfzqipazik,38986,Los Angeles,0,1587017838,23,3.8743718592964824,0,1
uchanotpan,7095,Los Angeles,0,1587016341,40,4.899497487437186,1,1
tipqpcdbmm,49042,San Francisco,0,1587022059,20,1.542713567839196,1,0
ozfqotbgpx,23661,San Francisco,0,1587008173,40,2.829145728643216,1,1
jaosokfcdj,49968,San Francisco,0,1586994901,20,4.236180904522613,0,0
asesoatsha,63173,Copenhagen,1,1586978470,20,2.7889447236180906,1,1
onslstancn,3011,San Francisco,1,1587041072,41,2.4271356783919598,0,1
lebsdtjdvx,44802,Los Angeles,1,1586985266,25,2.608040201005025,1,1
pcmpmajcti,13714,Berkeley,1,1587027125,29,4.35678391959799,1,1
ozfqotbgpx,55745,Los Angeles,1,1587016954,25,3.7939698492462313,0,1
oopepkmgvv,49042,San Francisco,1,1587042695,18,3.1105527638190953,1,1
ojqqnqpmso,38986,Berkeley,1,1587052188,38,3.7738693467336684,1,1
ajfiudkzmq,17234,San Francisco,0,1587023711,18,2.4874371859296485,1,1
tipqpcdbmm,83273,Copenhagen,0,1587038694,34,4.939698492462312,0,1
ztjszlttme,47054,Berkeley,0,1587037223,31,2.1256281407035176,0,1
tioxzectdu,21642,Copenhagen,0,1586998743,39,4.175879396984925,1,0
axxagpiqkh,83273,Berkeley,0,1586998776,43,4.839195979899498,1,1
satdtjljzl,29207,Copenhagen,1,1587013399,30,4.778894472361809,0,0
bghvtgascf,33473,Copenhagen,1,1587013041,38,1.7437185929648242,0,0
tngttxcmtz,3916,Berkeley,0,1587015949,19,1.9045226130653266,0,1
usdlltsstb,3916,Berkeley,0,1586984158,30,2.648241206030151,0,1
atgapomeop,49968,Berkeley,1,1587034625,22,1.6633165829145728,0,1
ldazngtbzx,67884,San Francisco,1,1587021618,22,4.597989949748744,0,0
zsbtbtutts,83273,Los Angeles,0,1587039541,22,2.2462311557788945,1,0
ldvcnjilzc,49968,Berkeley,1,1587027458,18,1.2613065326633166,0,0
ozfqotbgpx,7095,San Francisco,1,1586975687,21,3.0100502512562812,1,1
veuvxtfefp,7367,San Francisco,1,1587038025,36,2.065326633165829,0,1
ldazngtbzx,49042,San Francisco,1,1587054155,20,1.7236180904522613,1,0
fmblutsbii,49042,San Francisco,1,1586987957,18,1.3618090452261307,0,1
cdxxcofjmk,7367,San Francisco,0,1587033437,20,3.4522613065326633,0,0
uchanotpan,38986,Berkeley,1,1587046229,32,3.4522613065326633,0,1
ojldqmvnum,45743,Copenhagen,1,1586981468,33,4.899497487437186,1,0
uchanotpan,21328,Los Angeles,0,1587026035,39,2.7889447236180906,0,0
